event_idx,event_id,file_name,station_id,sta_dist_km,phase_time_p,phase_time_s,p_polarity,phase_score_p,phase_score_s,noise_amp,p_amp,s_amp,n_channels,snr,sp_ratio,diting_polarity,diting_sharpness,p_from_ncedc,s_from_ncedc
666,1009689,1009689_20221221T024322.mseed,BK.PETL.00.HH,31.17,2022-12-21 02:43:29.100000+00:00,2022-12-21 02:43:34.050000+00:00,,0.6454809904098511,0.91813462972641,24.716163891693657,336.0700133814028,1747.057232126498,3.0,13.597175308193584,5.198491869442034,,,False,False
666,1009689,1009689_20221221T024322.mseed,BK.RBOW.00.HH,27.16,2022-12-21 02:43:28.310000+00:00,2022-12-21 02:43:32.850000+00:00,,0.9574986100196838,0.8747965693473816,23.143030287834804,211.2770976151895,730.4448465880591,3.0,9.129189003665084,3.4572836092175887,,,False,False
666,1009689,1009689_20221221T024322.mseed,NC.KCO..HN,33.54,2022-12-21 02:43:29.433100+00:00,2022-12-21 02:43:34.433100+00:00,,0.9800171852111816,0.6424307227134705,2.276640599500253,4.837220440881724,15.20291942799055,3.0,2.124718518128661,3.1429039907925667,,,False,False
666,1009689,1009689_20221221T024322.mseed,NC.KCT..HH,12.29,2022-12-21 02:43:26.763100+00:00,2022-12-21 02:43:30.433100+00:00,,0.9571253061294556,0.8091004490852356,28.624630159801324,179.45226071528467,729.0997486263058,3.0,6.269155608769975,4.062917601150095,,,False,False
666,1009689,1009689_20221221T024322.mseed,NC.KPR.01.HN,40.71,2022-12-21 02:43:30.490000+00:00,2022-12-21 02:43:36.670000+00:00,,0.8327921032905579,0.8604443073272705,0.9232398063423642,3.2939322952175982,7.927098246091528,3.0,3.5677970908417613,2.4065759510603,,,False,False
666,1009689,1009689_20221221T024322.mseed,NP.1582.10.HN,16.0,2022-12-21 02:43:27.280000+00:00,2022-12-21 02:43:31.620000+00:00,,0.962192714214325,0.7945594191551208,3.8543174155044304,9.038290337464266,58.46766694233252,3.0,2.34497820576653,6.468885680733276,,,False,False
666,1009689,1009689_20221221T024322.mseed,PB.B045..EH,24.78,2022-12-21 02:43:27.998400+00:00,2022-12-21 02:43:32.408400+00:00,,0.9698315858840942,0.6494112014770508,30.168034532550944,303.3566779151008,395.4499976020506,3.0,10.055566516532012,1.303580986975087,,,False,False
666,1009689,1009689_20221221T024322.mseed,PB.B046..EH,26.49,2022-12-21 02:43:28.368400+00:00,2022-12-21 02:43:32.978400+00:00,,0.9823710918426514,0.9084230065345764,18.26175136360017,190.0551852192281,709.1757188911764,3.0,10.407281395696328,3.731419998213384,,,False,False
666,1009689,1009689_20221221T024322.mseed,PB.B047..EH,34.77,2022-12-21 02:43:29.518400+00:00,2022-12-21 02:43:34.818400+00:00,,0.9660114645957948,0.942188024520874,14.50161892204104,79.52503372298011,650.5975213067859,3.0,5.483872811063174,8.181040495664508,,,False,False
666,1009689,1009689_20221221T024322.mseed,PB.B932..EH,31.5,2022-12-21 02:43:28.888400+00:00,2022-12-21 02:43:33.828400+00:00,,0.9533728957176208,0.9380925297737122,19.35604437227845,46.53475665494079,465.3702294595148,3.0,2.404146000077755,10.000487010392575,,,False,False
2191,1012386,1012386_20221224T204253.mseed,BK.PETL.00.HH,31.02,2022-12-24 20:43:00.020000+00:00,2022-12-24 20:43:04.890000+00:00,,0.3773562610149383,0.909439504146576,140.297270027567,342.15862603356834,3014.0729754604577,3.0,2.4388117171940524,8.808993098904818,,,False,False
2191,1012386,1012386_20221224T204253.mseed,BK.RBOW.00.HH,27.02,2022-12-24 20:42:59.100000+00:00,2022-12-24 20:43:03.700000+00:00,,0.4431231915950775,0.7684004306793213,18.414872081181706,265.8900992042253,854.6145874684294,3.0,14.438878425657943,3.21416476215617,,,False,False
2191,1012386,1012386_20221224T204253.mseed,NC.KCT..HH,12.17,2022-12-24 20:42:57.633100+00:00,2022-12-24 20:43:01.373100+00:00,,0.9572159647941588,0.5806371569633484,34.47080347583608,306.6282198718236,939.7787183178046,3.0,8.8953023705052,3.064880064563692,,,False,False
2191,1012386,1012386_20221224T204253.mseed,NC.KPR.01.HN,40.57,2022-12-24 20:43:01.330000+00:00,2022-12-24 20:43:07.490000+00:00,,0.9313696622848512,0.5703500509262085,1.2142389818806292,5.909439700375389,10.315160939618025,3.0,4.866784701000763,1.7455395879515905,,,False,False
2191,1012386,1012386_20221224T204253.mseed,PB.B045..EH,24.71,2022-12-24 20:42:58.868400+00:00,2022-12-24 20:43:03.388400+00:00,,0.9687183499336244,0.7697579860687256,12.232294493672832,332.73888196302784,605.6162411527077,3.0,27.201673580957145,1.8200945966392967,,,False,False
2191,1012386,1012386_20221224T204253.mseed,PB.B046..EH,26.34,2022-12-24 20:42:59.248400+00:00,2022-12-24 20:43:03.808400+00:00,,0.9775323867797852,0.8978829383850098,8.80822722556057,167.72852630732848,1001.7749424357794,3.0,19.042256973184973,5.972597294512862,,,False,False
2191,1012386,1012386_20221224T204253.mseed,PB.B047..EH,34.62,2022-12-24 20:43:00.298400+00:00,2022-12-24 20:43:05.668400+00:00,,0.9611229300498962,0.9506086707115172,6.141641776524389,205.004222606536,774.0721589147549,3.0,33.37938454667569,3.775883974840993,,,False,False
2191,1012386,1012386_20221224T204253.mseed,PB.B932..EH,31.34,2022-12-24 20:42:59.748400+00:00,2022-12-24 20:43:04.678400+00:00,,0.9619065523147584,0.9497252702713012,7.598220488547682,49.58340456379034,702.3325883959429,3.0,6.525660138255303,14.164670509714067,,,False,False
2837,1013366,1013366_20221230T102006.mseed,NC.KCT..HH,12.16,2022-12-30 10:20:10.623100+00:00,2022-12-30 10:20:14.333100+00:00,,0.645520031452179,0.3440770804882049,59.2432565631058,179.62741833974036,568.1536748334559,3.0,3.0320314709303933,3.1629563019097224,,,False,False
2837,1013366,1013366_20221230T102006.mseed,NC.KPR.01.HN,40.57,2022-12-30 10:20:14.340000+00:00,2022-12-30 10:20:20.520000+00:00,,0.9011290669441224,0.7551056146621704,0.9625692634360924,2.853677460940611,5.561358901395111,3.0,2.9646463577631925,1.9488393406457405,,,False,False
2837,1013366,1013366_20221230T102006.mseed,NP.1023.10.HN,2.87,2022-12-30 10:20:10.260000+00:00,2022-12-30 10:20:14+00:00,,0.6960383057594299,0.9443790912628174,6.861367048087979,15.263716567790228,184.54004859199745,3.0,2.224588257823007,12.090112376786216,,,False,False
2837,1013366,1013366_20221230T102006.mseed,NP.1586.10.HN,9.86,2022-12-30 10:20:10.660000+00:00,2022-12-30 10:20:14.510000+00:00,,0.8788284063339233,0.957120716571808,3.013584978781235,8.300009585647432,58.652697388365866,3.0,2.754197954956674,7.066581885614863,,,False,False
2837,1013366,1013366_20221230T102006.mseed,PB.B045..EH,24.7,2022-12-30 10:20:11.878400+00:00,2022-12-30 10:20:16.348400+00:00,,0.9778098464012146,0.8037927746772766,13.77741960055016,186.0563225871929,381.5789735980785,3.0,13.50443900102769,2.050878832237783,,,False,False
2837,1013366,1013366_20221230T102006.mseed,PB.B046..EH,26.33,2022-12-30 10:20:12.248400+00:00,2022-12-30 10:20:16.798400+00:00,,0.9809288382530212,0.8921183943748474,9.44367461139202,92.1900869021319,539.4731068573858,3.0,9.76209904467927,5.851747459898647,,,False,False
2837,1013366,1013366_20221230T102006.mseed,PB.B047..EH,34.61,2022-12-30 10:20:13.288400+00:00,2022-12-30 10:20:18.668400+00:00,,0.950467884540558,0.944815754890442,12.394991862666668,94.63836172707444,455.511608598317,3.0,7.635209669812068,4.813181465587467,,,False,False
2837,1013366,1013366_20221230T102006.mseed,PB.B932..EH,31.34,2022-12-30 10:20:12.768400+00:00,2022-12-30 10:20:17.658400+00:00,,0.924421489238739,0.9527519345283508,10.18303878927509,25.641824462362216,345.5184260441706,3.0,2.5180916024172,13.474798821407274,,,False,False
3607,1014841,1014841_20230124T221121.mseed,BK.RBOW.00.HH,33.34,2023-01-24 22:11:28.300000+00:00,2023-01-24 22:11:33.530000+00:00,,0.8895953297615051,0.6813093423843384,54.7482842972655,187.18958049081257,230.94155297930143,3.0,3.419094915822998,1.2337308111582432,,,False,False
3607,1014841,1014841_20230124T221121.mseed,NC.KCO..HN,31.95,2023-01-24 22:11:28.263100+00:00,2023-01-24 22:11:33.493100+00:00,,0.9707849621772766,0.8953444957733154,1.932531001000676,6.349440634044315,9.692729259932198,3.0,3.2855569358300265,1.5265485290092955,,,False,False
3607,1014841,1014841_20230124T221121.mseed,NP.1586.10.HN,22.01,2023-01-24 22:11:26.930000+00:00,2023-01-24 22:11:31.770000+00:00,,0.9593206644058228,0.789747416973114,14.661851052993692,37.05073934059093,30.99868400008855,3.0,2.5270164869821,0.836654937304529,,,False,False
3607,1014841,1014841_20230124T221121.mseed,PB.B046..EH,24.76,2023-01-24 22:11:27.088400+00:00,2023-01-24 22:11:31.408400+00:00,,0.9570170044898988,0.9414610266685486,19.56107463154508,120.29928443415412,654.7458855822272,3.0,6.149932286447802,5.442641564011985,,,False,False
3607,1014841,1014841_20230124T221121.mseed,PB.B045..EH,37.22,2023-01-24 22:11:28.668400+00:00,2023-01-24 22:11:34.278400+00:00,,0.9221221804618835,0.8650810718536377,41.69132081398725,133.2006780578674,430.9993660151214,3.0,3.194925837254337,3.2357145046054416,,,False,False
3607,1014841,1014841_20230124T221121.mseed,PB.B047..EH,36.72,2023-01-24 22:11:28.698400+00:00,2023-01-24 22:11:34.138400+00:00,,0.9731162786483764,0.7845922708511353,13.452538083877984,133.9811381112954,233.9750035259273,3.0,9.959543491043023,1.746327929619235,,,False,False
3607,1014841,1014841_20230124T221121.mseed,PB.B932..EH,31.97,2023-01-24 22:11:27.908400+00:00,2023-01-24 22:11:32.778400+00:00,,0.9839134812355042,0.9481337666511536,8.362210853965568,158.24679220297833,377.5775030096624,3.0,18.924037550181332,2.386004150563477,,,False,False
3619,1014861,1014861_20230125T084615.mseed,BK.JCC.00.HH,46.86,2023-01-25 08:46:23.898393+00:00,2023-01-25 08:46:30.708393+00:00,,0.9282458424568176,0.3086203038692474,42.55738041190299,558.0652116651745,663.3094717130245,3.0,13.113241610827336,1.1885877453887843,,,False,False
3619,1014861,1014861_20230125T084615.mseed,BK.RBOW.00.HH,33.34,2023-01-25 08:46:22.240000+00:00,2023-01-25 08:46:27.560000+00:00,,0.9251383543014526,0.6897422671318054,68.6444919026419,207.5932005372777,308.6951993837888,3.0,3.0241785580073346,1.4870197992267866,,,False,False
3619,1014861,1014861_20230125T084615.mseed,CE.89255.10.HN,24.67,2023-01-25 08:46:21.230000+00:00,2023-01-25 08:46:26.310000+00:00,,0.9634143710136414,0.93868750333786,7.111139142323099,25.193292202970543,35.47730388001031,3.0,3.542792750746301,1.4082043582945138,,,False,False
3619,1014861,1014861_20230125T084615.mseed,NC.KCO..HN,31.98,2023-01-25 08:46:22.203100+00:00,2023-01-25 08:46:27.403100+00:00,,0.9478111267089844,0.6462755799293518,2.220242611495577,13.176922256950371,10.896106208140516,3.0,5.934901973651551,0.8269082867505874,,,False,False
3619,1014861,1014861_20230125T084615.mseed,NC.KMPB..HH,27.89,2023-01-25 08:46:21.463100+00:00,2023-01-25 08:46:26.183100+00:00,,0.9788092970848083,0.8929774761199951,91.56087306460468,1006.3361076095464,3690.5088715176,3.0,10.99089680915868,3.667272637453152,,,False,False
3619,1014861,1014861_20230125T084615.mseed,NP.1586.10.HN,21.95,2023-01-25 08:46:20.890000+00:00,2023-01-25 08:46:25.770000+00:00,,0.9808577299118042,0.8919766545295715,11.006903487191716,47.0914505868156,47.90127618662344,3.0,4.278355910144392,1.017196870975866,,,False,False
3619,1014861,1014861_20230125T084615.mseed,PB.B045..EH,37.19,2023-01-25 08:46:22.658400+00:00,2023-01-25 08:46:28.238400+00:00,,0.9749566316604614,0.8350964188575745,8.119131952483967,82.22996454675004,532.817034761227,3.0,10.127925624067805,6.479597038599056,,,False,False
3619,1014861,1014861_20230125T084615.mseed,PB.B046..EH,24.79,2023-01-25 08:46:20.998400+00:00,2023-01-25 08:46:25.368400+00:00,,0.9647681713104248,0.9503589272499084,18.011885801584206,255.42378724814728,770.889537780759,3.0,14.180846473370485,3.0180804461717208,,,False,False
3619,1014861,1014861_20230125T084615.mseed,PB.B047..EH,36.73,2023-01-25 08:46:22.638400+00:00,2023-01-25 08:46:28.078400+00:00,,0.9732943773269652,0.6590891480445862,8.734947959261579,208.43848222148108,299.756093798669,3.0,23.86259004559676,1.4381034183513015,,,False,False
3619,1014861,1014861_20230125T084615.mseed,PB.B932..EH,31.99,2023-01-25 08:46:21.868400+00:00,2023-01-25 08:46:26.738400+00:00,,0.9847229719161988,0.9291945695877076,8.671187101226815,277.7923774317965,404.2162696847011,3.0,32.03625688027121,1.4551020925113185,,,False,False
3823,1015218,1015218_20230201T023844.mseed,BK.RBOW.00.HH,33.37,2023-02-01 02:38:51.410000+00:00,2023-02-01 02:38:56.680000+00:00,,0.8856140375137329,0.5603132247924805,8.079653844735931,83.44727802909924,77.09562839323686,3.0,10.32807588452158,0.9238842801601334,,,False,False
3823,1015218,1015218_20230201T023844.mseed,NC.KMPB..HH,27.94,2023-02-01 02:38:50.653100+00:00,2023-02-01 02:38:55.363100+00:00,,0.9797108769416808,0.8711062669754028,20.41040710249837,353.24851743857903,994.9132551300908,3.0,17.30727445389068,2.81646831059406,,,False,False
3823,1015218,1015218_20230201T023844.mseed,PB.B045..EH,37.25,2023-02-01 02:38:51.848400+00:00,2023-02-01 02:38:57.438400+00:00,,0.9723127484321594,0.8173422813415527,12.919012792508092,49.731130584288906,168.27189205264483,3.0,3.8494528477538665,3.3836329493342627,,,False,False
3823,1015218,1015218_20230201T023844.mseed,PB.B046..EH,24.78,2023-02-01 02:38:50.208400+00:00,2023-02-01 02:38:54.548400+00:00,,0.9511627554893494,0.9152700304985046,10.134553621667523,60.18251966456369,276.03717276232686,3.0,5.938349325607629,4.586666930877296,,,False,False
3823,1015218,1015218_20230201T023844.mseed,PB.B047..EH,36.74,2023-02-01 02:38:51.848400+00:00,2023-02-01 02:38:57.278400+00:00,,0.9781418442726136,0.7852011322975159,4.45706051170097,54.09980356132217,114.4566740458298,3.0,12.138000688861142,2.11565784922108,,,False,False
3823,1015218,1015218_20230201T023844.mseed,PB.B932..EH,31.99,2023-02-01 02:38:51.048400+00:00,2023-02-01 02:38:55.928400+00:00,,0.983684539794922,0.9516751170158386,3.62855799087169,68.71370256107966,139.67835821206626,3.0,18.936917291646356,2.0327584310844853,,,False,False
